[
    {
        "Name": "Spell",
        "DestroyAfterTriggeringEffect": true,
        "Effects": [],
        "Attributes": [
            {
                "Value": 0,
                "Name": "Cost",
                "$type": "CCGKit.IntAttribute"
            },
            {
                "Value": null,
                "Name": "Image",
                "$type": "CCGKit.StringAttribute"
            },
            {
                "Value": null,
                "Name": "Text",
                "$type": "CCGKit.StringAttribute"
            }
        ]
    },
    {
        "Name": "Creature",
        "DestroyAfterTriggeringEffect": false,
        "Effects": [
            {
                "Target": "ThisCard",
                "Value": null,
                "Type": "TargetCard",
                "Definition": "Kill creature",
                "Trigger": {
                    "Attribute": "Defense",
                    "Value": 0,
                    "Type": "WhenCardAttributeIsLessThanOrEqualTo",
                    "$type": "CCGKit.CardAttributeLessThanOrEqualToTrigger"
                },
                "TriggerConditions": [],
                "TargetConditions": [],
                "Unavoidable": true,
                "$type": "CCGKit.CardEffect"
            }
        ],
        "Attributes": [
            {
                "Value": 0,
                "Name": "Cost",
                "$type": "CCGKit.IntAttribute"
            },
            {
                "Value": null,
                "Name": "Image",
                "$type": "CCGKit.StringAttribute"
            },
            {
                "Value": null,
                "Name": "Text",
                "$type": "CCGKit.StringAttribute"
            },
            {
                "Value": 0,
                "Name": "Attack",
                "$type": "CCGKit.IntAttribute"
            },
            {
                "Value": 0,
                "Name": "Defense",
                "$type": "CCGKit.IntAttribute"
            }
        ]
    }
]
