[
    {
        "name": "Set 2",
        "cards": [
            {
                "cardTypeId": 0,
                "name": "Vengeful Vampire",
                "costs": [
                    {
                        "statId": 1,
                        "value": 2,
                        "$type": "CCGKit.PayResourceCost"
                    }
                ],
                "properties": [
                    {
                        "value": "When this creature dies, it deals 1 damage to enemy player.",
                        "name": "Text",
                        "$type": "CCGKit.StringProperty"
                    },
                    {
                        "value": "Creature",
                        "name": "Picture",
                        "$type": "CCGKit.StringProperty"
                    },
                    {
                        "value": 4,
                        "name": "MaxCopies",
                        "$type": "CCGKit.IntProperty"
                    },
                    {
                        "value": null,
                        "name": "Material",
                        "$type": "CCGKit.StringProperty"
                    }
                ],
                "stats": [
                    {
                        "baseValue": 1,
                        "statId": 0,
                        "name": "Attack",
                        "originalValue": 1,
                        "minValue": 0,
                        "maxValue": 99,
                        "modifiers": []
                    },
                    {
                        "baseValue": 3,
                        "statId": 1,
                        "name": "Life",
                        "originalValue": 3,
                        "minValue": 0,
                        "maxValue": 99,
                        "modifiers": []
                    }
                ],
                "keywords": [],
                "abilities": [
                    {
                        "trigger": {
                            "zoneId": 3,
                            "$type": "CCGKit.OnCardEnteredZoneTrigger"
                        },
                        "name": "Deal 1 damage to player",
                        "type": "Triggered",
                        "effect": {
                            "statId": 0,
                            "value": {
                                "constant": 1,
                                "$type": "CCGKit.ConstantValue"
                            },
                            "duration": 0,
                            "$type": "CCGKit.DecreasePlayerStatEffect"
                        },
                        "target": {
                            "conditions": [],
                            "$type": "CCGKit.OpponentTarget"
                        },
                        "$type": "CCGKit.TriggeredAbility"
                    }
                ],
                "id": 10
            },
            {
                "cardTypeId": 0,
                "name": "Elvish Healer",
                "costs": [
                    {
                        "statId": 1,
                        "value": 1,
                        "$type": "CCGKit.PayResourceCost"
                    }
                ],
                "properties": [
                    {
                        "value": "<b>Provoke</b>. When this creature enters the board, it adds a +0/+1 counter to all your creatures.",
                        "name": "Text",
                        "$type": "CCGKit.StringProperty"
                    },
                    {
                        "value": "Creature",
                        "name": "Picture",
                        "$type": "CCGKit.StringProperty"
                    },
                    {
                        "value": 4,
                        "name": "MaxCopies",
                        "$type": "CCGKit.IntProperty"
                    },
                    {
                        "value": null,
                        "name": "Material",
                        "$type": "CCGKit.StringProperty"
                    }
                ],
                "stats": [
                    {
                        "baseValue": 1,
                        "statId": 0,
                        "name": "Attack",
                        "originalValue": 1,
                        "minValue": 0,
                        "maxValue": 99,
                        "modifiers": []
                    },
                    {
                        "baseValue": 1,
                        "statId": 1,
                        "name": "Life",
                        "originalValue": 1,
                        "minValue": 0,
                        "maxValue": 99,
                        "modifiers": []
                    }
                ],
                "keywords": [
                    {
                        "keywordId": 0,
                        "valueId": 1
                    }
                ],
                "abilities": [
                    {
                        "trigger": {
                            "zoneId": 2,
                            "$type": "CCGKit.OnCardEnteredZoneTrigger"
                        },
                        "name": "Heal 1 damage",
                        "type": "Triggered",
                        "effect": {
                            "value": {
                                "constant": 1,
                                "$type": "CCGKit.ConstantValue"
                            },
                            "duration": 0,
                            "statId": 1,
                            "gameZoneId": 2,
                            "cardTypeId": 0,
                            "$type": "CCGKit.IncreaseCardStatEffect"
                        },
                        "target": {
                            "conditions": [],
                            "$type": "CCGKit.AllPlayerCards"
                        },
                        "$type": "CCGKit.TriggeredAbility"
                    }
                ],
                "id": 11
            }
        ]
    },
    {
        "name": "Set 1",
        "cards": [
            {
                "cardTypeId": 0,
                "name": "Swamp Snake",
                "costs": [
                    {
                        "statId": 1,
                        "value": 1,
                        "$type": "CCGKit.PayResourceCost"
                    }
                ],
                "properties": [
                    {
                        "value": "<b>Impetus</b>. Deal 1 damage to target enemy creature.",
                        "name": "Text",
                        "$type": "CCGKit.StringProperty"
                    },
                    {
                        "value": "Creature",
                        "name": "Picture",
                        "$type": "CCGKit.StringProperty"
                    },
                    {
                        "value": 4,
                        "name": "MaxCopies",
                        "$type": "CCGKit.IntProperty"
                    },
                    {
                        "value": null,
                        "name": "Material",
                        "$type": "CCGKit.StringProperty"
                    }
                ],
                "stats": [
                    {
                        "baseValue": 1,
                        "statId": 0,
                        "name": "Attack",
                        "originalValue": 1,
                        "minValue": 0,
                        "maxValue": 99,
                        "modifiers": []
                    },
                    {
                        "baseValue": 1,
                        "statId": 1,
                        "name": "Life",
                        "originalValue": 1,
                        "minValue": 0,
                        "maxValue": 99,
                        "modifiers": []
                    }
                ],
                "keywords": [
                    {
                        "keywordId": 0,
                        "valueId": 0
                    }
                ],
                "abilities": [
                    {
                        "trigger": {
                            "zoneId": 2,
                            "$type": "CCGKit.OnCardEnteredZoneTrigger"
                        },
                        "name": "Deal 1 damage",
                        "type": "Triggered",
                        "effect": {
                            "value": {
                                "constant": 1,
                                "$type": "CCGKit.ConstantValue"
                            },
                            "duration": 0,
                            "statId": 1,
                            "gameZoneId": 2,
                            "cardTypeId": 0,
                            "$type": "CCGKit.DecreaseCardStatEffect"
                        },
                        "target": {
                            "conditions": [],
                            "$type": "CCGKit.OpponentCard"
                        },
                        "$type": "CCGKit.TriggeredAbility"
                    }
                ],
                "id": 0
            },
            {
                "cardTypeId": 0,
                "name": "Mike Katchabaw",
                "costs": [
                    {
                        "statId": 1,
                        "value": 2,
                        "$type": "CCGKit.PayResourceCost"
                    }
                ],
                "properties": [
                    {
                        "value": "",
                        "name": "Text",
                        "$type": "CCGKit.StringProperty"
                    },
                    {
                        "value": "Creature",
                        "name": "Picture",
                        "$type": "CCGKit.StringProperty"
                    },
                    {
                        "value": 4,
                        "name": "MaxCopies",
                        "$type": "CCGKit.IntProperty"
                    },
                    {
                        "value": null,
                        "name": "Material",
                        "$type": "CCGKit.StringProperty"
                    }
                ],
                "stats": [
                    {
                        "baseValue": 99,
                        "statId": 0,
                        "name": "Attack",
                        "originalValue": 99,
                        "minValue": 0,
                        "maxValue": 99,
                        "modifiers": []
                    },
                    {
                        "baseValue": 99,
                        "statId": 1,
                        "name": "Life",
                        "originalValue": 99,
                        "minValue": 0,
                        "maxValue": 99,
                        "modifiers": []
                    }
                ],
                "keywords": [
                    {
                        "keywordId": 0,
                        "valueId": 0
                    }
                ],
                "abilities": [
                    {
                        "trigger": {
                            "zoneId": 0,
                            "$type": "CCGKit.OnCardEnteredZoneTrigger"
                        },
                        "name": null,
                        "type": "Triggered",
                        "effect": {
                            "keywordTypeId": 0,
                            "keywordValueId": 0,
                            "gameZoneId": 0,
                            "cardTypeId": 0,
                            "$type": "CCGKit.AddKeywordEffect"
                        },
                        "target": {
                            "conditions": [],
                            "$type": "CCGKit.ThisCard"
                        },
                        "$type": "CCGKit.TriggeredAbility"
                    }
                ],
                "id": 1
            },
            {
                "cardTypeId": 0,
                "name": "Valorous Captain",
                "costs": [
                    {
                        "statId": 1,
                        "value": 3,
                        "$type": "CCGKit.PayResourceCost"
                    }
                ],
                "properties": [
                    {
                        "value": "When this creature enters the board, all your creatures gain 1 attack until end of turn.",
                        "name": "Text",
                        "$type": "CCGKit.StringProperty"
                    },
                    {
                        "value": "Creature",
                        "name": "Picture",
                        "$type": "CCGKit.StringProperty"
                    },
                    {
                        "value": 4,
                        "name": "MaxCopies",
                        "$type": "CCGKit.IntProperty"
                    },
                    {
                        "value": null,
                        "name": "Material",
                        "$type": "CCGKit.StringProperty"
                    }
                ],
                "stats": [
                    {
                        "baseValue": 2,
                        "statId": 0,
                        "name": "Attack",
                        "originalValue": 2,
                        "minValue": 0,
                        "maxValue": 99,
                        "modifiers": []
                    },
                    {
                        "baseValue": 2,
                        "statId": 1,
                        "name": "Life",
                        "originalValue": 2,
                        "minValue": 0,
                        "maxValue": 99,
                        "modifiers": []
                    }
                ],
                "keywords": [],
                "abilities": [
                    {
                        "trigger": {
                            "zoneId": 2,
                            "$type": "CCGKit.OnCardEnteredZoneTrigger"
                        },
                        "name": "Add +1 attack",
                        "type": "Triggered",
                        "effect": {
                            "value": {
                                "constant": 1,
                                "$type": "CCGKit.ConstantValue"
                            },
                            "duration": 1,
                            "statId": 0,
                            "gameZoneId": 2,
                            "cardTypeId": 0,
                            "$type": "CCGKit.IncreaseCardStatEffect"
                        },
                        "target": {
                            "conditions": [],
                            "$type": "CCGKit.AllPlayerCards"
                        },
                        "$type": "CCGKit.TriggeredAbility"
                    }
                ],
                "id": 2
            },
            {
                "cardTypeId": 0,
                "name": "Iron Golem",
                "costs": [
                    {
                        "statId": 1,
                        "value": 4,
                        "$type": "CCGKit.PayResourceCost"
                    }
                ],
                "properties": [
                    {
                        "value": "",
                        "name": "Text",
                        "$type": "CCGKit.StringProperty"
                    },
                    {
                        "value": "Creature",
                        "name": "Picture",
                        "$type": "CCGKit.StringProperty"
                    },
                    {
                        "value": 4,
                        "name": "MaxCopies",
                        "$type": "CCGKit.IntProperty"
                    },
                    {
                        "value": null,
                        "name": "Material",
                        "$type": "CCGKit.StringProperty"
                    }
                ],
                "stats": [
                    {
                        "baseValue": 4,
                        "statId": 0,
                        "name": "Attack",
                        "originalValue": 4,
                        "minValue": 0,
                        "maxValue": 99,
                        "modifiers": []
                    },
                    {
                        "baseValue": 5,
                        "statId": 1,
                        "name": "Life",
                        "originalValue": 5,
                        "minValue": 0,
                        "maxValue": 99,
                        "modifiers": []
                    }
                ],
                "keywords": [],
                "abilities": [],
                "id": 3
            },
            {
                "cardTypeId": 0,
                "name": "Raging Dragon",
                "costs": [
                    {
                        "statId": 1,
                        "value": 6,
                        "$type": "CCGKit.PayResourceCost"
                    }
                ],
                "properties": [
                    {
                        "value": "",
                        "name": "Text",
                        "$type": "CCGKit.StringProperty"
                    },
                    {
                        "value": "Creature",
                        "name": "Picture",
                        "$type": "CCGKit.StringProperty"
                    },
                    {
                        "value": 4,
                        "name": "MaxCopies",
                        "$type": "CCGKit.IntProperty"
                    },
                    {
                        "value": null,
                        "name": "Material",
                        "$type": "CCGKit.StringProperty"
                    }
                ],
                "stats": [
                    {
                        "baseValue": 6,
                        "statId": 0,
                        "name": "Attack",
                        "originalValue": 6,
                        "minValue": 0,
                        "maxValue": 99,
                        "modifiers": []
                    },
                    {
                        "baseValue": 7,
                        "statId": 1,
                        "name": "Life",
                        "originalValue": 7,
                        "minValue": 0,
                        "maxValue": 99,
                        "modifiers": []
                    }
                ],
                "keywords": [],
                "abilities": [],
                "id": 4
            },
            {
                "cardTypeId": 1,
                "name": "Divine Touch",
                "costs": [
                    {
                        "statId": 1,
                        "value": 4,
                        "$type": "CCGKit.PayResourceCost"
                    }
                ],
                "properties": [
                    {
                        "value": "You gain 8 life.",
                        "name": "Text",
                        "$type": "CCGKit.StringProperty"
                    },
                    {
                        "value": "Spell",
                        "name": "Picture",
                        "$type": "CCGKit.StringProperty"
                    },
                    {
                        "value": 4,
                        "name": "MaxCopies",
                        "$type": "CCGKit.IntProperty"
                    },
                    {
                        "value": null,
                        "name": "Material",
                        "$type": "CCGKit.StringProperty"
                    }
                ],
                "stats": [],
                "keywords": [],
                "abilities": [
                    {
                        "trigger": {
                            "zoneId": 2,
                            "$type": "CCGKit.OnCardEnteredZoneTrigger"
                        },
                        "name": "Gain 8 life",
                        "type": "Triggered",
                        "effect": {
                            "statId": 0,
                            "value": {
                                "constant": 8,
                                "$type": "CCGKit.ConstantValue"
                            },
                            "duration": 0,
                            "$type": "CCGKit.IncreasePlayerStatEffect"
                        },
                        "target": {
                            "conditions": [],
                            "$type": "CCGKit.PlayerTarget"
                        },
                        "$type": "CCGKit.TriggeredAbility"
                    }
                ],
                "id": 5
            },
            {
                "cardTypeId": 1,
                "name": "Explosion",
                "costs": [
                    {
                        "statId": 1,
                        "value": 2,
                        "$type": "CCGKit.PayResourceCost"
                    }
                ],
                "properties": [
                    {
                        "value": "Deal 1 damage to all enemy creatures.",
                        "name": "Text",
                        "$type": "CCGKit.StringProperty"
                    },
                    {
                        "value": "Spell",
                        "name": "Picture",
                        "$type": "CCGKit.StringProperty"
                    },
                    {
                        "value": 4,
                        "name": "MaxCopies",
                        "$type": "CCGKit.IntProperty"
                    },
                    {
                        "value": null,
                        "name": "Material",
                        "$type": "CCGKit.StringProperty"
                    }
                ],
                "stats": [],
                "keywords": [],
                "abilities": [
                    {
                        "trigger": {
                            "zoneId": 2,
                            "$type": "CCGKit.OnCardEnteredZoneTrigger"
                        },
                        "name": "Deal 1 damage",
                        "type": "Triggered",
                        "effect": {
                            "value": {
                                "constant": 1,
                                "$type": "CCGKit.ConstantValue"
                            },
                            "duration": 0,
                            "statId": 1,
                            "gameZoneId": 2,
                            "cardTypeId": 0,
                            "$type": "CCGKit.DecreaseCardStatEffect"
                        },
                        "target": {
                            "conditions": [],
                            "$type": "CCGKit.AllOpponentCards"
                        },
                        "$type": "CCGKit.TriggeredAbility"
                    }
                ],
                "id": 6
            },
            {
                "cardTypeId": 1,
                "name": "Combat Rage",
                "costs": [
                    {
                        "statId": 1,
                        "value": 1,
                        "$type": "CCGKit.PayResourceCost"
                    }
                ],
                "properties": [
                    {
                        "value": "Target creature you control gains +3/+0 until end of turn.",
                        "name": "Text",
                        "$type": "CCGKit.StringProperty"
                    },
                    {
                        "value": "Spell",
                        "name": "Picture",
                        "$type": "CCGKit.StringProperty"
                    },
                    {
                        "value": 4,
                        "name": "MaxCopies",
                        "$type": "CCGKit.IntProperty"
                    },
                    {
                        "value": null,
                        "name": "Material",
                        "$type": "CCGKit.StringProperty"
                    }
                ],
                "stats": [],
                "keywords": [],
                "abilities": [
                    {
                        "trigger": {
                            "zoneId": 2,
                            "$type": "CCGKit.OnCardEnteredZoneTrigger"
                        },
                        "name": "+3 attack",
                        "type": "Triggered",
                        "effect": {
                            "value": {
                                "constant": 3,
                                "$type": "CCGKit.ConstantValue"
                            },
                            "duration": 1,
                            "statId": 0,
                            "gameZoneId": 2,
                            "cardTypeId": 0,
                            "$type": "CCGKit.IncreaseCardStatEffect"
                        },
                        "target": {
                            "conditions": [],
                            "$type": "CCGKit.PlayerCard"
                        },
                        "$type": "CCGKit.TriggeredAbility"
                    }
                ],
                "id": 7
            },
            {
                "cardTypeId": 1,
                "name": "Mana Growth",
                "costs": [
                    {
                        "statId": 1,
                        "value": 0,
                        "$type": "CCGKit.PayResourceCost"
                    }
                ],
                "properties": [
                    {
                        "value": "Add 1 mana to your mana pool.",
                        "name": "Text",
                        "$type": "CCGKit.StringProperty"
                    },
                    {
                        "value": "Spell",
                        "name": "Picture",
                        "$type": "CCGKit.StringProperty"
                    },
                    {
                        "value": 4,
                        "name": "MaxCopies",
                        "$type": "CCGKit.IntProperty"
                    },
                    {
                        "value": null,
                        "name": "Material",
                        "$type": "CCGKit.StringProperty"
                    }
                ],
                "stats": [],
                "keywords": [],
                "abilities": [
                    {
                        "trigger": {
                            "zoneId": 2,
                            "$type": "CCGKit.OnCardEnteredZoneTrigger"
                        },
                        "name": "+1 mana",
                        "type": "Triggered",
                        "effect": {
                            "statId": 1,
                            "value": {
                                "constant": 1,
                                "$type": "CCGKit.ConstantValue"
                            },
                            "duration": 1,
                            "$type": "CCGKit.IncreasePlayerStatEffect"
                        },
                        "target": {
                            "conditions": [],
                            "$type": "CCGKit.PlayerTarget"
                        },
                        "$type": "CCGKit.TriggeredAbility"
                    }
                ],
                "id": 8
            },
            {
                "cardTypeId": 1,
                "name": "Terror",
                "costs": [
                    {
                        "statId": 1,
                        "value": 2,
                        "$type": "CCGKit.PayResourceCost"
                    }
                ],
                "properties": [
                    {
                        "value": "Destroy target creature.",
                        "name": "Text",
                        "$type": "CCGKit.StringProperty"
                    },
                    {
                        "value": "Spell",
                        "name": "Picture",
                        "$type": "CCGKit.StringProperty"
                    },
                    {
                        "value": 4,
                        "name": "MaxCopies",
                        "$type": "CCGKit.IntProperty"
                    },
                    {
                        "value": null,
                        "name": "Material",
                        "$type": "CCGKit.StringProperty"
                    }
                ],
                "stats": [],
                "keywords": [],
                "abilities": [
                    {
                        "trigger": {
                            "zoneId": 2,
                            "$type": "CCGKit.OnCardEnteredZoneTrigger"
                        },
                        "name": "Destroy creature",
                        "type": "Triggered",
                        "effect": {
                            "value": {
                                "constant": 0,
                                "$type": "CCGKit.ConstantValue"
                            },
                            "duration": 0,
                            "statId": 1,
                            "gameZoneId": 2,
                            "cardTypeId": 0,
                            "$type": "CCGKit.SetCardStatEffect"
                        },
                        "target": {
                            "conditions": [],
                            "$type": "CCGKit.TargetCard"
                        },
                        "$type": "CCGKit.TriggeredAbility"
                    }
                ],
                "id": 9
            },
            {
                "cardTypeId": 0,
                "name": "hithere",
                "costs": [
                    {
                        "statId": 1,
                        "value": 2,
                        "$type": "CCGKit.PayResourceCost"
                    }
                ],
                "properties": [
                    {
                        "value": "",
                        "name": "Text",
                        "$type": "CCGKit.StringProperty"
                    },
                    {
                        "value": "Creature",
                        "name": "Picture",
                        "$type": "CCGKit.StringProperty"
                    },
                    {
                        "value": 4,
                        "name": "MaxCopies",
                        "$type": "CCGKit.IntProperty"
                    },
                    {
                        "value": null,
                        "name": "Material",
                        "$type": "CCGKit.StringProperty"
                    }
                ],
                "stats": [
                    {
                        "baseValue": 99,
                        "statId": 0,
                        "name": "Attack",
                        "originalValue": 99,
                        "minValue": 0,
                        "maxValue": 99,
                        "modifiers": []
                    },
                    {
                        "baseValue": 99,
                        "statId": 1,
                        "name": "Life",
                        "originalValue": 99,
                        "minValue": 0,
                        "maxValue": 99,
                        "modifiers": []
                    }
                ],
                "keywords": [
                    {
                        "keywordId": 0,
                        "valueId": 0
                    }
                ],
                "abilities": [
                    {
                        "trigger": {
                            "zoneId": 0,
                            "$type": "CCGKit.OnCardEnteredZoneTrigger"
                        },
                        "name": null,
                        "type": "Triggered",
                        "effect": {
                            "keywordTypeId": 0,
                            "keywordValueId": 0,
                            "gameZoneId": 0,
                            "cardTypeId": 0,
                            "$type": "CCGKit.AddKeywordEffect"
                        },
                        "target": {
                            "conditions": [],
                            "$type": "CCGKit.ThisCard"
                        },
                        "$type": "CCGKit.TriggeredAbility"
                    }
                ],
                "id": 1
            },
                        {
                "cardTypeId": 0,
                "name": "ganggang",
                "costs": [
                    {
                        "statId": 1,
                        "value": 2,
                        "$type": "CCGKit.PayResourceCost"
                    }
                ],
                "properties": [
                    {
                        "value": "",
                        "name": "Text",
                        "$type": "CCGKit.StringProperty"
                    },
                    {
                        "value": "Creature",
                        "name": "Picture",
                        "$type": "CCGKit.StringProperty"
                    },
                    {
                        "value": 4,
                        "name": "MaxCopies",
                        "$type": "CCGKit.IntProperty"
                    },
                    {
                        "value": null,
                        "name": "Material",
                        "$type": "CCGKit.StringProperty"
                    }
                ],
                "stats": [
                    {
                        "baseValue": 99,
                        "statId": 0,
                        "name": "Attack",
                        "originalValue": 99,
                        "minValue": 0,
                        "maxValue": 99,
                        "modifiers": []
                    },
                    {
                        "baseValue": 99,
                        "statId": 1,
                        "name": "Life",
                        "originalValue": 99,
                        "minValue": 0,
                        "maxValue": 99,
                        "modifiers": []
                    }
                ],
                "keywords": [
                    {
                        "keywordId": 0,
                        "valueId": 0
                    }
                ],
                "abilities": [
                    {
                        "trigger": {
                            "zoneId": 0,
                            "$type": "CCGKit.OnCardEnteredZoneTrigger"
                        },
                        "name": null,
                        "type": "Triggered",
                        "effect": {
                            "keywordTypeId": 0,
                            "keywordValueId": 0,
                            "gameZoneId": 0,
                            "cardTypeId": 0,
                            "$type": "CCGKit.AddKeywordEffect"
                        },
                        "target": {
                            "conditions": [],
                            "$type": "CCGKit.ThisCard"
                        },
                        "$type": "CCGKit.TriggeredAbility"
                    }
                ],
                "id": 1
            },

            {
                "cardTypeId": 0,
                "name": "hello",
                "costs": [
                    {
                        "statId": 1,
                        "value": 0,
                        "$type": "CCGKit.PayResourceCost"
                    }
                ],
                "properties": [
                    {
                        "value": "",
                        "name": "Text",
                        "$type": "CCGKit.StringProperty"
                    },
                    {
                        "value": "Creature",
                        "name": "Picture",
                        "$type": "CCGKit.StringProperty"
                    },
                    {
                        "value": 4,
                        "name": "MaxCopies",
                        "$type": "CCGKit.IntProperty"
                    },
                    {
                        "value": null,
                        "name": "Material",
                        "$type": "CCGKit.StringProperty"
                    }
                ],
                "stats": [
                    {
                        "baseValue": 1,
                        "statId": 0,
                        "name": "Attack",
                        "originalValue": 1,
                        "minValue": 0,
                        "maxValue": 99,
                        "modifiers": []
                    },
                    {
                        "baseValue": 2,
                        "statId": 1,
                        "name": "Life",
                        "originalValue": 2,
                        "minValue": 0,
                        "maxValue": 99,
                        "modifiers": []
                    }
                ],
                "keywords": [
                    {
                        "keywordId": 0,
                        "valueId": 0
                    }
                ],
                "abilities": [
                    {
                        "trigger": {
                            "zoneId": 0,
                            "$type": "CCGKit.OnCardEnteredZoneTrigger"
                        },
                        "name": null,
                        "type": "Triggered",
                        "effect": {
                            "keywordTypeId": 0,
                            "keywordValueId": 0,
                            "gameZoneId": 0,
                            "cardTypeId": 0,
                            "$type": "CCGKit.AddKeywordEffect"
                        },
                        "target": {
                            "conditions": [],
                            "$type": "CCGKit.ThisCard"
                        },
                        "$type": "CCGKit.TriggeredAbility"
                    }
                ],
                "id": 85584
            },
            

            {
                "cardTypeId": 0,
                "name": "owo",
                "costs": [
                    {
                        "statId": 1,
                        "value": 0,
                        "$type": "CCGKit.PayResourceCost"
                    }
                ],
                "properties": [
                    {
                        "value": "",
                        "name": "Text",
                        "$type": "CCGKit.StringProperty"
                    },
                    {
                        "value": "Creature",
                        "name": "Picture",
                        "$type": "CCGKit.StringProperty"
                    },
                    {
                        "value": 4,
                        "name": "MaxCopies",
                        "$type": "CCGKit.IntProperty"
                    },
                    {
                        "value": null,
                        "name": "Material",
                        "$type": "CCGKit.StringProperty"
                    }
                ],
                "stats": [
                    {
                        "baseValue": 1,
                        "statId": 0,
                        "name": "Attack",
                        "originalValue": 1,
                        "minValue": 0,
                        "maxValue": 99,
                        "modifiers": []
                    },
                    {
                        "baseValue": 2,
                        "statId": 1,
                        "name": "Life",
                        "originalValue": 2,
                        "minValue": 0,
                        "maxValue": 99,
                        "modifiers": []
                    }
                ],
                "keywords": [
                    {
                        "keywordId": 0,
                        "valueId": 0
                    }
                ],
                "abilities": [
                    {
                        "trigger": {
                            "zoneId": 0,
                            "$type": "CCGKit.OnCardEnteredZoneTrigger"
                        },
                        "name": null,
                        "type": "Triggered",
                        "effect": {
                            "keywordTypeId": 0,
                            "keywordValueId": 0,
                            "gameZoneId": 0,
                            "cardTypeId": 0,
                            "$type": "CCGKit.AddKeywordEffect"
                        },
                        "target": {
                            "conditions": [],
                            "$type": "CCGKit.ThisCard"
                        },
                        "$type": "CCGKit.TriggeredAbility"
                    }
                ],
                "id": 30402
            },
            
            {
                "cardTypeId": 0,
                "name": "wow",
                "costs": [
                    {
                        "statId": 1,
                        "value": 1,
                        "$type": "CCGKit.PayResourceCost"
                    }
                ],
                "properties": [
                    {
                        "value": "",
                        "name": "Text",
                        "$type": "CCGKit.StringProperty"
                    },
                    {
                        "value": "Creature",
                        "name": "Picture",
                        "$type": "CCGKit.StringProperty"
                    },
                    {
                        "value": 4,
                        "name": "MaxCopies",
                        "$type": "CCGKit.IntProperty"
                    },
                    {
                        "value": null,
                        "name": "Material",
                        "$type": "CCGKit.StringProperty"
                    }
                ],
                "stats": [
                    {
                        "baseValue": 4,
                        "statId": 0,
                        "name": "Attack",
                        "originalValue": 4,
                        "minValue": 0,
                        "maxValue": 99,
                        "modifiers": []
                    },
                    {
                        "baseValue": 2,
                        "statId": 1,
                        "name": "Life",
                        "originalValue": 2,
                        "minValue": 0,
                        "maxValue": 99,
                        "modifiers": []
                    }
                ],
                "keywords": [
                    {
                        "keywordId": 0,
                        "valueId": 0
                    }
                ],
                "abilities": [
                    {
                        "trigger": {
                            "zoneId": 0,
                            "$type": "CCGKit.OnCardEnteredZoneTrigger"
                        },
                        "name": null,
                        "type": "Triggered",
                        "effect": {
                            "keywordTypeId": 0,
                            "keywordValueId": 0,
                            "gameZoneId": 0,
                            "cardTypeId": 0,
                            "$type": "CCGKit.AddKeywordEffect"
                        },
                        "target": {
                            "conditions": [],
                            "$type": "CCGKit.ThisCard"
                        },
                        "$type": "CCGKit.TriggeredAbility"
                    }
                ],
                "id": 13086
            },
            

            {
                "cardTypeId": 0,
                "name": "test1",
                "costs": [
                    {
                        "statId": 1,
                        "value": 0,
                        "$type": "CCGKit.PayResourceCost"
                    }
                ],
                "properties": [
                    {
                        "value": "",
                        "name": "Text",
                        "$type": "CCGKit.StringProperty"
                    },
                    {
                        "value": "Creature",
                        "name": "Picture",
                        "$type": "CCGKit.StringProperty"
                    },
                    {
                        "value": 4,
                        "name": "MaxCopies",
                        "$type": "CCGKit.IntProperty"
                    },
                    {
                        "value": null,
                        "name": "Material",
                        "$type": "CCGKit.StringProperty"
                    }
                ],
                "stats": [
                    {
                        "baseValue": 2,
                        "statId": 0,
                        "name": "Attack",
                        "originalValue": 2,
                        "minValue": 0,
                        "maxValue": 99,
                        "modifiers": []
                    },
                    {
                        "baseValue": 1,
                        "statId": 1,
                        "name": "Life",
                        "originalValue": 1,
                        "minValue": 0,
                        "maxValue": 99,
                        "modifiers": []
                    }
                ],
                "keywords": [
                    {
                        "keywordId": 0,
                        "valueId": 0
                    }
                ],
                "abilities": [
                    {
                        "trigger": {
                            "zoneId": 0,
                            "$type": "CCGKit.OnCardEnteredZoneTrigger"
                        },
                        "name": null,
                        "type": "Triggered",
                        "effect": {
                            "keywordTypeId": 0,
                            "keywordValueId": 0,
                            "gameZoneId": 0,
                            "cardTypeId": 0,
                            "$type": "CCGKit.AddKeywordEffect"
                        },
                        "target": {
                            "conditions": [],
                            "$type": "CCGKit.ThisCard"
                        },
                        "$type": "CCGKit.TriggeredAbility"
                    }
                ],
                "id": 88682
            },
            

            {
                "cardTypeId": 0,
                "name": "test2",
                "costs": [
                    {
                        "statId": 1,
                        "value": 0,
                        "$type": "CCGKit.PayResourceCost"
                    }
                ],
                "properties": [
                    {
                        "value": "",
                        "name": "Text",
                        "$type": "CCGKit.StringProperty"
                    },
                    {
                        "value": "Creature",
                        "name": "Picture",
                        "$type": "CCGKit.StringProperty"
                    },
                    {
                        "value": 4,
                        "name": "MaxCopies",
                        "$type": "CCGKit.IntProperty"
                    },
                    {
                        "value": null,
                        "name": "Material",
                        "$type": "CCGKit.StringProperty"
                    }
                ],
                "stats": [
                    {
                        "baseValue": 0,
                        "statId": 0,
                        "name": "Attack",
                        "originalValue": 0,
                        "minValue": 0,
                        "maxValue": 99,
                        "modifiers": []
                    },
                    {
                        "baseValue": 3,
                        "statId": 1,
                        "name": "Life",
                        "originalValue": 3,
                        "minValue": 0,
                        "maxValue": 99,
                        "modifiers": []
                    }
                ],
                "keywords": [
                    {
                        "keywordId": 0,
                        "valueId": 0
                    }
                ],
                "abilities": [
                    {
                        "trigger": {
                            "zoneId": 0,
                            "$type": "CCGKit.OnCardEnteredZoneTrigger"
                        },
                        "name": null,
                        "type": "Triggered",
                        "effect": {
                            "keywordTypeId": 0,
                            "keywordValueId": 0,
                            "gameZoneId": 0,
                            "cardTypeId": 0,
                            "$type": "CCGKit.AddKeywordEffect"
                        },
                        "target": {
                            "conditions": [],
                            "$type": "CCGKit.ThisCard"
                        },
                        "$type": "CCGKit.TriggeredAbility"
                    }
                ],
                "id": 95419
            },


            {
                "cardTypeId": 0,
                "name": "test3",
                "costs": [
                    {
                        "statId": 1,
                        "value": 2,
                        "$type": "CCGKit.PayResourceCost"
                    }
                ],
                "properties": [
                    {
                        "value": "",
                        "name": "Text",
                        "$type": "CCGKit.StringProperty"
                    },
                    {
                        "value": "Creature",
                        "name": "Picture",
                        "$type": "CCGKit.StringProperty"
                    },
                    {
                        "value": 4,
                        "name": "MaxCopies",
                        "$type": "CCGKit.IntProperty"
                    },
                    {
                        "value": null,
                        "name": "Material",
                        "$type": "CCGKit.StringProperty"
                    }
                ],
                "stats": [
                    {
                        "baseValue": 4,
                        "statId": 0,
                        "name": "Attack",
                        "originalValue": 4,
                        "minValue": 0,
                        "maxValue": 99,
                        "modifiers": []
                    },
                    {
                        "baseValue": 5,
                        "statId": 1,
                        "name": "Life",
                        "originalValue": 5,
                        "minValue": 0,
                        "maxValue": 99,
                        "modifiers": []
                    }
                ],
                "keywords": [
                    {
                        "keywordId": 0,
                        "valueId": 0
                    }
                ],
                "abilities": [
                    {
                        "trigger": {
                            "zoneId": 0,
                            "$type": "CCGKit.OnCardEnteredZoneTrigger"
                        },
                        "name": null,
                        "type": "Triggered",
                        "effect": {
                            "keywordTypeId": 0,
                            "keywordValueId": 0,
                            "gameZoneId": 0,
                            "cardTypeId": 0,
                            "$type": "CCGKit.AddKeywordEffect"
                        },
                        "target": {
                            "conditions": [],
                            "$type": "CCGKit.ThisCard"
                        },
                        "$type": "CCGKit.TriggeredAbility"
                    }
                ],
                "id": 53857
            },
            

            {
                "cardTypeId": 0,
                "name": "apples",
                "costs": [
                    {
                        "statId": 1,
                        "value": 0,
                        "$type": "CCGKit.PayResourceCost"
                    }
                ],
                "properties": [
                    {
                        "value": "",
                        "name": "Text",
                        "$type": "CCGKit.StringProperty"
                    },
                    {
                        "value": "Creature",
                        "name": "Picture",
                        "$type": "CCGKit.StringProperty"
                    },
                    {
                        "value": 4,
                        "name": "MaxCopies",
                        "$type": "CCGKit.IntProperty"
                    },
                    {
                        "value": null,
                        "name": "Material",
                        "$type": "CCGKit.StringProperty"
                    }
                ],
                "stats": [
                    {
                        "baseValue": 0,
                        "statId": 0,
                        "name": "Attack",
                        "originalValue": 0,
                        "minValue": 0,
                        "maxValue": 99,
                        "modifiers": []
                    },
                    {
                        "baseValue": 1,
                        "statId": 1,
                        "name": "Life",
                        "originalValue": 1,
                        "minValue": 0,
                        "maxValue": 99,
                        "modifiers": []
                    }
                ],
                "keywords": [
                    {
                        "keywordId": 0,
                        "valueId": 0
                    }
                ],
                "abilities": [
                    {
                        "trigger": {
                            "zoneId": 0,
                            "$type": "CCGKit.OnCardEnteredZoneTrigger"
                        },
                        "name": null,
                        "type": "Triggered",
                        "effect": {
                            "keywordTypeId": 0,
                            "keywordValueId": 0,
                            "gameZoneId": 0,
                            "cardTypeId": 0,
                            "$type": "CCGKit.AddKeywordEffect"
                        },
                        "target": {
                            "conditions": [],
                            "$type": "CCGKit.ThisCard"
                        },
                        "$type": "CCGKit.TriggeredAbility"
                    }
                ],
                "id": 54400
            },
            
        ]
    }
]
